{"cameraMode":{"drawMode":0,"name":"Shaded","section":"Shading Mode"},"sceneLighting":false,"audioPlay":false,"sceneViewState":{"showFog":true,"showMaterialUpdate":false,"showSkybox":false,"showFlares":true,"showImageEffects":true,"showParticleSystems":true},"in2DMode":false,"pivot":{"x":1.7881393432617188e-7,"y":0.8664480447769165,"z":-0.32435253262519839},"rotation":{"x":-0.06919484585523606,"y":-0.04129151999950409,"z":0.002866387367248535,"w":-0.9967457056045532},"size":1.3315328359603882,"orthographic":false}