{"cameraMode":{"drawMode":0,"name":"Shaded","section":"Shading Mode"},"sceneLighting":true,"audioPlay":false,"sceneViewState":{"showFog":true,"showMaterialUpdate":false,"showSkybox":true,"showFlares":true,"showImageEffects":true,"showParticleSystems":true},"in2DMode":false,"pivot":{"x":1.0268566608428956,"y":0.34461644291877749,"z":-0.22952167689800263},"rotation":{"x":-0.4201523959636688,"y":0.027992062270641328,"z":-0.013114389032125473,"w":-0.9070041179656982},"size":3.7503812313079836,"orthographic":false}