{"cameraMode":{"drawMode":0,"name":"Shaded","section":"Shading Mode"},"sceneLighting":false,"audioPlay":false,"sceneViewState":{"showFog":true,"showMaterialUpdate":false,"showSkybox":false,"showFlares":true,"showImageEffects":true,"showParticleSystems":true},"in2DMode":false,"pivot":{"x":4.877972602844238,"y":-1.4598312377929688,"z":2.645646333694458},"rotation":{"x":-0.11067602038383484,"y":0.8866708278656006,"z":-0.27895817160606387,"w":-0.35178446769714358},"size":0.7714943289756775,"orthographic":false}