{"cameraMode":{"drawMode":0,"name":"Shaded","section":"Shading Mode"},"sceneLighting":true,"audioPlay":false,"sceneViewState":{"showFog":true,"showMaterialUpdate":false,"showSkybox":true,"showFlares":true,"showImageEffects":true,"showParticleSystems":true},"in2DMode":false,"pivot":{"x":1.0,"y":0.10016867518424988,"z":0.8659999966621399},"rotation":{"x":-0.014293783344328404,"y":0.7230884432792664,"z":-0.6904455423355103,"w":-0.014969327487051487},"size":6.204704761505127,"orthographic":false}