{"cameraMode":{"drawMode":0,"name":"Shaded","section":"Shading Mode"},"sceneLighting":true,"audioPlay":false,"sceneViewState":{"showFog":true,"showMaterialUpdate":false,"showSkybox":true,"showFlares":true,"showImageEffects":true,"showParticleSystems":true},"in2DMode":false,"pivot":{"x":4.5,"y":0.10016867518424988,"z":6.061999797821045},"rotation":{"x":0.27309322357177737,"y":-0.7104895710945129,"z":0.5399057269096375,"w":0.35938045382499697},"size":1.9211328029632569,"orthographic":false}