{"cameraMode":{"drawMode":0,"name":"Shaded","section":"Shading Mode"},"sceneLighting":true,"audioPlay":false,"sceneViewState":{"showFog":true,"showMaterialUpdate":false,"showSkybox":true,"showFlares":true,"showImageEffects":true,"showParticleSystems":true},"in2DMode":false,"pivot":{"x":2.39970326423645,"y":8.976637840270996,"z":2.8111813068389894},"rotation":{"x":-0.6641001105308533,"y":-0.008300097659230233,"z":0.007353108376264572,"w":-0.747614860534668},"size":0.9483601450920105,"orthographic":false}