{"cameraMode":{"drawMode":0,"name":"Shaded","section":"Shading Mode"},"sceneLighting":true,"audioPlay":false,"sceneViewState":{"showFog":true,"showMaterialUpdate":false,"showSkybox":true,"showFlares":true,"showImageEffects":true,"showParticleSystems":true},"in2DMode":false,"pivot":{"x":1.0268566608428956,"y":0.34461644291877749,"z":-0.22952167689800263},"rotation":{"x":-0.4975157678127289,"y":-0.017495902255177499,"z":0.009867132641375065,"w":-0.867301344871521},"size":4.796562194824219,"orthographic":false}