{"cameraMode":{"drawMode":0,"name":"Shaded","section":"Shading Mode"},"sceneLighting":true,"audioPlay":false,"sceneViewState":{"showFog":true,"showMaterialUpdate":false,"showSkybox":true,"showFlares":true,"showImageEffects":true,"showParticleSystems":true},"in2DMode":false,"pivot":{"x":11.26673698425293,"y":-6.047189235687256,"z":-2.929743766784668},"rotation":{"x":0.15846467018127442,"y":0.7534006834030151,"z":-0.196641743183136,"w":0.6071317791938782},"size":7.450996398925781,"orthographic":false}