{"cameraMode":{"drawMode":0,"name":"Shaded","section":"Shading Mode"},"sceneLighting":true,"audioPlay":false,"sceneViewState":{"showFog":true,"showMaterialUpdate":false,"showSkybox":true,"showFlares":true,"showImageEffects":true,"showParticleSystems":true},"in2DMode":false,"pivot":{"x":-2.93611216545105,"y":-0.24680811166763307,"z":-0.8744494915008545},"rotation":{"x":-0.5502683520317078,"y":0.07416905462741852,"z":-0.04915633425116539,"w":-0.8302379250526428},"size":3.0348525047302248,"orthographic":false}