{"cameraMode":{"drawMode":0,"name":"Shaded","section":"Shading Mode"},"sceneLighting":false,"audioPlay":false,"sceneViewState":{"showFog":true,"showMaterialUpdate":false,"showSkybox":false,"showFlares":true,"showImageEffects":true,"showParticleSystems":true},"in2DMode":false,"pivot":{"x":0.06440610438585282,"y":-0.0995321273803711,"z":0.10501796007156372},"rotation":{"x":-0.36173897981643679,"y":0.055048804730176929,"z":-0.021402180194854738,"w":-0.9304105639457703},"size":0.7714957594871521,"orthographic":false}