{"cameraMode":{"drawMode":0,"name":"Shaded","section":"Shading Mode"},"sceneLighting":false,"audioPlay":false,"sceneViewState":{"showFog":true,"showMaterialUpdate":false,"showSkybox":false,"showFlares":true,"showImageEffects":true,"showParticleSystems":true},"in2DMode":false,"pivot":{"x":3.469845771789551,"y":0.6451058387756348,"z":0.0},"rotation":{"x":-0.005181985907256603,"y":0.8024907112121582,"z":0.00697691272944212,"w":0.5966169834136963},"size":4.073552131652832,"orthographic":false}