{"cameraMode":{"drawMode":0,"name":"Shaded","section":"Shading Mode"},"sceneLighting":true,"audioPlay":false,"sceneViewState":{"showFog":true,"showMaterialUpdate":false,"showSkybox":true,"showFlares":true,"showImageEffects":true,"showParticleSystems":true},"in2DMode":false,"pivot":{"x":0.267513632774353,"y":0.4324822425842285,"z":0.9201154708862305},"rotation":{"x":-0.1965794414281845,"y":0.13540534675121308,"z":-0.02742110565304756,"w":-0.9707067608833313},"size":3.4252634048461916,"orthographic":false}