{"cameraMode":{"drawMode":0,"name":"Shaded","section":"Shading Mode"},"sceneLighting":true,"audioPlay":false,"sceneViewState":{"showFog":true,"showMaterialUpdate":false,"showSkybox":true,"showFlares":true,"showImageEffects":true,"showParticleSystems":true},"in2DMode":false,"pivot":{"x":2.1558079719543459,"y":1.881664752960205,"z":0.680738091468811},"rotation":{"x":-0.48497194051742556,"y":-0.05189085006713867,"z":0.028842944651842119,"w":-0.8725153803825378},"size":1.3714959621429444,"orthographic":false}