{"cameraMode":{"drawMode":0,"name":"Shaded","section":"Shading Mode"},"sceneLighting":false,"audioPlay":false,"sceneViewState":{"showFog":true,"showMaterialUpdate":false,"showSkybox":false,"showFlares":true,"showImageEffects":true,"showParticleSystems":true},"in2DMode":false,"pivot":{"x":-3.859999895095825,"y":0.8042784929275513,"z":-0.004057765007019043},"rotation":{"x":-0.04679437726736069,"y":-0.005398978944867849,"z":0.00019143891404382885,"w":-0.9989200830459595},"size":1.157726526260376,"orthographic":false}